Nome,cf,n1,n2,nf
Tatiana,E,5.521720171573827,2.943380250761418,4.232550211167623
